alpha-1,例子1
alpha-2,例子2
alpha-3,例子3
alpha-4,例子4
alpha-5,例子5
alpha-6,例子6
alpha-7,例子7
alpha-8,例子8
alpha-9,例子9
alpha-10,例子10
alpha-11,例子11
alpha-12,例子12
alpha-13,例子13
alpha-14,例子14
alpha-15,例子15
alpha-16,例子16
alpha-17,例子17
alpha-18,例子18
alpha-19,例子19
alpha-20,例子20
alpha-21,例子21
alpha-22,例子22
alpha-23,例子23
alpha-24,例子24
alpha-25,例子25
alpha-26,例子26
alpha-27,例子27
alpha-28,例子28
alpha-29,例子29
alpha-30,例子30
alpha-31,例子31
alpha-32,例子32
alpha-33,例子33
alpha-34,例子34
alpha-35,例子35
alpha-36,例子36
alpha-37,例子37
alpha-38,例子38
alpha-39,例子39
