"location","source","target"
"index-1","测试内容1","1asdasd"
"index-2","测试内容2","2"
"index-3","测试内容3","3"
"index-4","测试内容4","测试内容4"
"index-5","测试内容5","测试内容5"
"index-6","测试内容6","测试内容6"
"index-7","测试内容7","测试内容7"
"index-8","测试内容8","测试内容8"
"index-9","测试内容9","测试内容9"
"index-10","测试内容10","测试内容10"
"index-11","测试内容11","测试内容11"
"index-12","测试内容12","测试内容12"
"index-13","测试内容13","测试内容13"
"index-14","测试内容14","测试内容14"
"index-15","测试内容15","测试内容15"
"index-16","测试内容16","测试内容16"
"index-17","测试内容17","测试内容17"
"index-18","测试内容18","测试内容18"
"index-19","测试内容19","测试内容19"
"index-20","测试内容20","测试内容20"
"index-21","测试内容21","测试内容21"
"index-22","测试内容22","测试内容22"
"index-23","测试内容23","测试内容23"
"index-24","测试内容24","测试内容24"
"index-25","测试内容25","测试内容25"
"index-26","测试内容26","测试内容26"
"index-27","测试内容27","测试内容27"
"index-28","测试内容28","测试内容28"
"index-29","测试内容29","测试内容29"
"index-30","测试内容30","测试内容30"
"index-31","测试内容31","测试内容31"
"index-32","测试内容32","测试内容32"
"index-33","测试内容33","测试内容33"
"index-34","测试内容34","测试内容34"
"index-35","测试内容35","测试内容35"
"index-36","测试内容36","测试内容36"
"index-37","测试内容37","测试内容37"
"index-38","测试内容38","测试内容38"
"index-39","测试内容39","测试内容39"
"index-40","测试内容40","测试内容40"
"index-41","测试内容41","测试内容41"
"index-42","测试内容42","测试内容42"
"index-43","测试内容43","测试内容43"
"index-44","测试内容44","测试内容44"
"index-45","测试内容45","测试内容45"
"index-46","测试内容46","测试内容46"
"index-47","测试内容47","测试内容47"
"index-48","测试内容48","测试内容48"
"index-49","测试内容49","测试内容49"
"index-50","测试内容50","测试内容50"
"index-51","测试内容51","测试内容51"
"index-52","测试内容52","测试内容52"
"index-53","测试内容53","测试内容53"
"index-54","测试内容54","测试内容54"
"index-55","测试内容55","测试内容55"
"index-56","测试内容56","测试内容56"
"index-57","测试内容57","测试内容57"
"index-58","测试内容58","测试内容58"
"index-59","测试内容59","测试内容59"
"index-60","测试内容60","测试内容60"
"index-61","测试内容61","测试内容61"
"index-62","测试内容62","测试内容62"
"index-63","测试内容63","测试内容63"
"index-64","测试内容64","测试内容64"
"index-65","测试内容65","测试内容65"
"index-66","测试内容66","测试内容66"
"index-67","测试内容67","测试内容67"
"index-68","测试内容68","测试内容68"
"index-69","测试内容69","测试内容69"
"index-70","测试内容70","测试内容70"
"index-71","测试内容71","测试内容71"
"index-72","测试内容72","测试内容72"
"index-73","测试内容73","测试内容73"
"index-74","测试内容74","测试内容74"
"index-75","测试内容75","测试内容75"
"index-76","测试内容76","测试内容76"
"index-77","测试内容77","测试内容77"
"index-78","测试内容78","测试内容78"
"index-79","测试内容79","测试内容79"
"index-80","测试内容80","测试内容80"
"index-81","测试内容81","测试内容81"
"index-82","测试内容82","测试内容82"
"index-83","测试内容83","测试内容83"
"index-84","测试内容84","测试内容84"
"index-85","测试内容85","测试内容85"
"index-86","测试内容86","测试内容86"
"index-87","测试内容87","测试内容87"
"index-88","测试内容88","测试内容88"
"index-89","测试内容89","测试内容89"
"index-90","测试内容90","测试内容90"
"index-91","测试内容91","测试内容91"
"index-92","测试内容92","测试内容92"
"index-93","测试内容93","测试内容93"
"index-94","测试内容94","测试内容94"
"index-95","测试内容95","测试内容95"
"index-96","测试内容96","测试内容96"
"index-97","测试内容97","测试内容97"
"index-98","测试内容98","测试内容98"
"index-99","测试内容99","测试内容99"
