beta-1,测试数据1
beta-2,测试数据2
beta-3,测试数据3
beta-4,测试数据4
beta-5,测试数据5
beta-6,测试数据6
beta-7,测试数据7
beta-8,测试数据8
beta-9,测试数据9
beta-10,测试数据10
beta-11,测试数据11
beta-12,测试数据12
beta-13,测试数据13
beta-14,测试数据14
beta-15,测试数据15
beta-16,测试数据16
beta-17,测试数据17
beta-18,测试数据18
beta-19,测试数据19
beta-20,测试数据20
beta-21,测试数据21
beta-22,测试数据22
beta-23,测试数据23
beta-24,测试数据24
beta-25,测试数据25
beta-26,测试数据26
beta-27,测试数据27
beta-28,测试数据28
beta-29,测试数据29
beta-30,测试数据30
beta-31,测试数据31
beta-32,测试数据32
beta-33,测试数据33
beta-34,测试数据34
beta-35,测试数据35
beta-36,测试数据36
beta-37,测试数据37
beta-38,测试数据38
beta-39,测试数据39
beta-40,测试数据40
